<keymap version="1" name="Mac OS X 10.5+ copy" parent="Mac OS X 10.5+">
  <action id="EmmetNextEditPoint" />
  <action id="EmmetPreviousEditPoint" />
  <action id="EvaluateExpression">
    <keyboard-shortcut first-keystroke="alt f8" />
    <keyboard-shortcut first-keystroke="ctrl u" />
  </action>
  <action id="ExternalSystem_c888f1e5android-cookpadc888f1e5testDevInternalDebugUnitTest">
    <keyboard-shortcut first-keystroke="ctrl meta alt u" />
  </action>
  <action id="FindUsages">
    <keyboard-shortcut first-keystroke="alt f7" />
    <keyboard-shortcut first-keystroke="ctrl g" />
  </action>
  <action id="Git.ResolveConflicts">
    <keyboard-shortcut first-keystroke="ctrl meta alt c" />
  </action>
  <action id="MaterialDesignIconGenerateAction">
    <keyboard-shortcut first-keystroke="ctrl meta alt m" />
  </action>
  <action id="NextTab">
    <keyboard-shortcut first-keystroke="shift meta close_bracket" />
    <keyboard-shortcut first-keystroke="ctrl right" />
    <keyboard-shortcut first-keystroke="ctrl alt right" />
  </action>
  <action id="PreviousTab">
    <keyboard-shortcut first-keystroke="shift meta open_bracket" />
    <keyboard-shortcut first-keystroke="ctrl left" />
    <keyboard-shortcut first-keystroke="ctrl alt left" />
  </action>
  <action id="SafeDelete">
    <keyboard-shortcut first-keystroke="meta alt back_space" />
  </action>
  <action id="SelectNextOccurrence" />
  <action id="SplitVertically">
    <keyboard-shortcut first-keystroke="shift ctrl v" />
  </action>
  <action id="android.deploy.ApplyChanges">
    <keyboard-shortcut first-keystroke="ctrl meta r" />
  </action>
  <action id="android.deploy.CodeSwap">
    <keyboard-shortcut first-keystroke="shift ctrl meta r" />
  </action>
</keymap>