<application>
  <component name="FileTypeManager" version="17">
    <extensionMap>
      <mapping pattern="MainContract" type="Kotlin" />
      <mapping pattern="DockerFile" type="PLAIN_TEXT" />
      <mapping pattern="extract_data_binding_error" type="PLAIN_TEXT" />
      <mapping pattern="jenkinsFile" type="PLAIN_TEXT" />
      <mapping pattern="android-sdk-license" type="PLAIN_TEXT" />
      <mapping pattern="aaa" type="PLAIN_TEXT" />
      <mapping pattern=".editorfile" type="PLAIN_TEXT" />
      <mapping ext="property" type="Properties" />
      <mapping pattern="insti_bigpanel" type="XML" />
    </extensionMap>
  </component>
</application>