<application>
  <component name="FindSettings">
    <option name="customScope" value="All Places" />
    <option name="defaultScopeName" value="All Places" />
    <option name="SEARCH_SCOPE" value="All Places" />
    <mask>*.properties</mask>
    <mask>*.html</mask>
    <mask>*.jsp</mask>
    <mask>*.js</mask>
    <mask>*.as</mask>
    <mask>*.css</mask>
    <mask>*.mxml</mask>
    <mask>*ViewHolder.kt</mask>
    <mask>*Test</mask>
    <mask>*</mask>
    <mask>*.java</mask>
    <mask>*gradle</mask>
    <mask>*Fragment.*</mask>
    <mask>Shared*Test.kt</mask>
    <mask>*Test.java</mask>
    <mask>*WebView*</mask>
    <mask>*xml</mask>
    <mask>*Test.kt</mask>
    <mask>*kt</mask>
    <mask>*java</mask>
    <mask>*colors.xml</mask>
    <mask>*.gradle</mask>
    <mask>*.xml</mask>
    <mask>*Test.*</mask>
    <mask>*.json</mask>
    <mask>*.kt</mask>
  </component>
</application>