<application>
  <component name="GitRememberedInputs">
    <option name="visitedUrls">
      <list>
        <UrlAndUserName>
          <option name="url" value="http://git.studiofreesia.com" />
          <option name="userName" value="taniguche" />
        </UrlAndUserName>
        <UrlAndUserName>
          <option name="url" value="http://ghe.ckpd.co" />
          <option name="userName" value="takuma-yamashita" />
        </UrlAndUserName>
        <UrlAndUserName>
          <option name="url" value="https://github.com/zj565061763/stickyview.git" />
          <option name="userName" value="" />
        </UrlAndUserName>
      </list>
    </option>
    <option name="cloneParentDir" value="$USER_HOME$/private-repo" />
  </component>
</application>